{
  "overall_top1": 77.29468536376953,
  "overall_top5": 88.8888931274414,
  "paired_top1": 88.23529815673828,
  "paired_top5": 96.07843780517578,
  "unpaired_top1": 46.296295166015625,
  "unpaired_top5": 68.51851654052734,
  "best_val_top1": 84.07173156738281,
  "best_epoch": 19,
  "lambda_triplet": 0.2,
  "lambda_consistency": 0.2,
  "margin": 0.5,
  "enable_mixup": true,
  "mixup_alpha_min": 0.3,
  "mixup_alpha_max": 0.7,
  "unpaired_class_weight": 3.0,
  "cosine_scale": 20.0,
  "epochs": 20,
  "batch_size": 64,
  "lr": 0.001,
  "val_ratio": 0.2,
  "seed": 42,
  "val_top1": 84.07173156738281,
  "val_top5": 94.72573852539062,
  "checkpoint_path": "output_approach_3_model_3\\best_mlp_classifier.pt",
  "arch": "mlp_cosine_head",
  "input_dim": 768,
  "num_classes": 100
}